,노래제목,가수명
0,Golden,"
HUNTR/X, EJAE, AUDREY NUNA, REI AMI, KPop Demon Hunters CastHUNTR/X, EJAE, AUDREY NUNA, REI AMI, KPop Demon Hunters Cast
"
1,FAMOUS,"
ALLDAY PROJECTALLDAY PROJECT
"
2,Dirty Work,"
aespaaespa
"
3,Soda Pop,"
KPop Demon Hunters Cast, Danny Chung, Saja Boys, Andrew Choi, Neckwav, Kevin Woo, samUIL LeeKPop Demon Hunters Cast, Danny Chung, Saja Boys, Andrew Choi, Neckwav, Kevin Woo, samUIL Lee
"
4,Drowning,"
WOODZWOODZ
"
5,시작의 아이,"
마크툽 (MAKTUB)마크툽 (MAKTUB)
"
6,뛰어(JUMP),"
BLACKPINKBLACKPINK
"
7,너에게 닿기를,"
10CM10CM
"
8,모르시나요(PROD.로코베리),"
조째즈조째즈
"
9,어제보다 슬픈 오늘,"
우디 (Woody)우디 (Woody)
"
10,Whiplash,"
aespaaespa
"
11,like JENNIE,"
제니 (JENNIE)제니 (JENNIE)
"
12,Never Ending Story,"
아이유아이유
"
13,"HOME SWEET HOME (feat. 태양, 대성)","
G-DRAGONG-DRAGON
"
14,WICKED,"
ALLDAY PROJECTALLDAY PROJECT
"
15,Your Idol,"
KPop Demon Hunters Cast, Danny Chung, Saja Boys, Andrew Choi, Neckwav, Kevin Woo, samUIL LeeKPop Demon Hunters Cast, Danny Chung, Saja Boys, Andrew Choi, Neckwav, Kevin Woo, samUIL Lee
"
16,청춘만화,"
이무진이무진
"
17,나는 반딧불,"
황가람황가람
"
18,TOO BAD (feat. Anderson .Paak),"
G-DRAGONG-DRAGON
"
19,HANDS UP,"
MEOVV (미야오)MEOVV (미야오)
"
20,눈물참기,"
QWERQWER
"
21,APT.,"
로제 (ROSÉ), Bruno Mars로제 (ROSÉ), Bruno Mars
"
22,HAPPY,"
DAY6 (데이식스)DAY6 (데이식스)
"
23,LIKE YOU BETTER,"
프로미스나인프로미스나인
"
24,오늘만 I LOVE YOU,"
BOYNEXTDOORBOYNEXTDOOR
"
25,REBEL HEART,"
IVE (아이브)IVE (아이브)
"
26,소나기,"
이클립스 (ECLIPSE)이클립스 (ECLIPSE)
"
27,한 페이지가 될 수 있게,"
DAY6 (데이식스)DAY6 (데이식스)
"
28,빌려온 고양이 (Do the Dance),"
아일릿(ILLIT)아일릿(ILLIT)
"
29,Flower,"
오반(OVAN)오반(OVAN)
"
30,천상연,"
이창섭이창섭
"
31,Supernova,"
aespaaespa
"
32,MY LOVE(2025),"
이예은, 아샤트리, 전건호이예은, 아샤트리, 전건호
"
33,내게 사랑이 뭐냐고 물어본다면,"
로이킴로이킴
"
34,Welcome to the Show,"
DAY6 (데이식스)DAY6 (데이식스)
"
35,toxic till the end,"
로제 (ROSÉ)로제 (ROSÉ)
"
36,예뻤어,"
DAY6 (데이식스)DAY6 (데이식스)
"
37,STYLE,"
Hearts2Hearts (하츠투하츠)Hearts2Hearts (하츠투하츠)
"
38,Die With A Smile,"
Lady Gaga, Bruno MarsLady Gaga, Bruno Mars
"
39,네모의 꿈,"
아이유아이유
"
40,"어떻게 이별까지 사랑하겠어, 널 사랑하는 거지","
AKMU (악뮤)AKMU (악뮤)
"
41,HOT,"
LE SSERAFIM (르세라핌)LE SSERAFIM (르세라핌)
"
42,내 이름 맑음,"
QWERQWER
"
43,THUNDER,"
세븐틴 (SEVENTEEN)세븐틴 (SEVENTEEN)
"
44,How It’s Done,"
HUNTR/X, EJAE, AUDREY NUNA, REI AMI, KPop Demon Hunters CastHUNTR/X, EJAE, AUDREY NUNA, REI AMI, KPop Demon Hunters Cast
"
45,그대만 있다면 (여름날 우리 X 너드커넥션 (Nerd Connection)),"
너드커넥션 (Nerd Connection)너드커넥션 (Nerd Connection)
"
46,고민중독,"
QWERQWER
"
47,Pookie,"
FIFTY FIFTYFIFTY FIFTY
"
48,ATTITUDE,"
IVE (아이브)IVE (아이브)
"
49,DRIP,"
BABYMONSTERBABYMONSTER
"
50,첫 만남은 계획대로 되지 않아,"
TWS (투어스)TWS (투어스)
"
51,UP (KARINA Solo),"
aespaaespa
"
52,Supersonic,"
프로미스나인프로미스나인
"
53,청혼하지 않을 이유를 못 찾았어,"
이무진이무진
"
54,미치게 그리워서,"
황가람황가람
"
55,Love wins all,"
아이유아이유
"
56,사랑은 늘 도망가,"
임영웅임영웅
"
57,주저하는 연인들을 위해,"
잔나비잔나비
"
58,슬픈 초대장,"
순순희(지환)순순희(지환)
"
59,PO￦ER,"
G-DRAGONG-DRAGON
"
60,에피소드,"
이무진이무진
"
61,I DO ME,"
KiiiKiii (키키)KiiiKiii (키키)
"
62,Magnetic,"
아일릿(ILLIT)아일릿(ILLIT)
"
63,너의 모든 순간,"
성시경성시경
"
64,How Sweet,"
NewJeansNewJeans
"
65,나는 아픈 건 딱 질색이니까,"
i-dle (아이들)i-dle (아이들)
"
66,Hype Boy,"
NewJeansNewJeans
"
67,I AM,"
IVE (아이브)IVE (아이브)
"
68,비의 랩소디,"
임재현임재현
"
69,Sticky,"
KISS OF LIFEKISS OF LIFE
"
70,Seven (feat. Latto) - Clean Ver.,"
정국정국
"
71,사랑인가 봐,"
멜로망스멜로망스
"
72,"모든 날, 모든 순간 (Every day, Every Moment)","
폴킴폴킴
"
73,다정히 내 이름을 부르면,"
경서예지, 전건호경서예지, 전건호
"
74,여름이었다,"
H1-KEY (하이키)H1-KEY (하이키)
"
75,헤어지자 말해요,"
박재정박재정
"
76,그날이 오면,"
투모로우바이투게더투모로우바이투게더
"
77,123-78,"
BOYNEXTDOORBOYNEXTDOOR
"
78,인사,"
범진범진
"
79,"무제(無題) (Untitled, 2014)","
G-DRAGONG-DRAGON
"
80,봄날,"
방탄소년단방탄소년단
"
81,Fly Up,"
RIIZERIIZE
"
82,The Chase,"
Hearts2Hearts (하츠투하츠)Hearts2Hearts (하츠투하츠)
"
83,사막에서 꽃을 피우듯,"
우디 (Woody)우디 (Woody)
"
84,Small girl (feat. 도경수(D.O.)),"
이영지이영지
"
85,우리들의 블루스,"
임영웅임영웅
"
86,TAKE ME,"
G-DRAGONG-DRAGON
"
87,영원해,"
도경수(D.O.)도경수(D.O.)
"
88,천국보다 아름다운,"
임영웅임영웅
"
89,Armageddon,"
aespaaespa
"
90,취중고백,"
김민석김민석
"
91,Dash,"
PLAVEPLAVE
"
92,Mantra,"
제니 (JENNIE)제니 (JENNIE)
"
93,Ditto,"
NewJeansNewJeans
"
94,이렇게 좋아해 본 적이 없어요,"
BOYNEXTDOORBOYNEXTDOOR
"
95,다시 만날 수 있을까,"
임영웅임영웅
"
96,이제 나만 믿어요,"
임영웅임영웅
"
97,"TAKEDOWN (JEONGYEON, JIHYO, CHAEYOUNG)","
TWICE (트와이스)TWICE (트와이스)
"
98,모래 알갱이,"
임영웅임영웅
"
99,Free,"
EJAE, KPop Demon Hunters Cast, Andrew Choi, Rumi, JinuEJAE, KPop Demon Hunters Cast, Andrew Choi, Rumi, Jinu
"
